system:index,date,ndvi,rainfall,.geo
2000_02_18,2000-02-18,0.623,291.85395860671997,"{""type"":""MultiPoint"",""coordinates"":[]}"
2000_03_05,2000-03-05,0.8875,282.1636428833008,"{""type"":""MultiPoint"",""coordinates"":[]}"
2000_03_21,2000-03-21,0.8073,358.3267059326172,"{""type"":""MultiPoint"",""coordinates"":[]}"
2000_04_06,2000-04-06,0.8666,331.6634669303894,"{""type"":""MultiPoint"",""coordinates"":[]}"
2000_04_22,2000-04-22,0.8818,422.5653419494629,"{""type"":""MultiPoint"",""coordinates"":[]}"
2000_05_08,2000-05-08,0.7914,423.38891315460205,"{""type"":""MultiPoint"",""coordinates"":[]}"
2000_05_24,2000-05-24,0.8355,252.1069688796997,"{""type"":""MultiPoint"",""coordinates"":[]}"
2000_06_09,2000-06-09,0.9311,178.0746259689331,"{""type"":""MultiPoint"",""coordinates"":[]}"
2000_06_25,2000-06-25,0.8779,111.08526563644409,"{""type"":""MultiPoint"",""coordinates"":[]}"
2000_07_11,2000-07-11,0.8744,100.76716470718384,"{""type"":""MultiPoint"",""coordinates"":[]}"
2000_07_27,2000-07-27,0.8987,60.826470375061035,"{""type"":""MultiPoint"",""coordinates"":[]}"
2000_08_12,2000-08-12,0.0494,91.85789656639099,"{""type"":""MultiPoint"",""coordinates"":[]}"
2000_08_28,2000-08-28,0.8231,108.68602395057678,"{""type"":""MultiPoint"",""coordinates"":[]}"
2000_09_13,2000-09-13,0.2965,76.32260072231293,"{""type"":""MultiPoint"",""coordinates"":[]}"
2000_09_29,2000-09-29,0.8829,173.57562839984894,"{""type"":""MultiPoint"",""coordinates"":[]}"
2000_10_15,2000-10-15,0.8295,185.07005882263184,"{""type"":""MultiPoint"",""coordinates"":[]}"
2000_10_31,2000-10-31,0.8359,97.73144793510437,"{""type"":""MultiPoint"",""coordinates"":[]}"
2000_11_16,2000-11-16,0.9134,156.88858103752136,"{""type"":""MultiPoint"",""coordinates"":[]}"
2000_12_02,2000-12-02,0.8363,143.13536190986633,"{""type"":""MultiPoint"",""coordinates"":[]}"
2000_12_18,2000-12-18,0.6793,97.96920585632324,"{""type"":""MultiPoint"",""coordinates"":[]}"
2001_01_01,2001-01-01,0.6612,199.99438095092773,"{""type"":""MultiPoint"",""coordinates"":[]}"
2001_01_17,2001-01-17,0.777,314.15478897094727,"{""type"":""MultiPoint"",""coordinates"":[]}"
2001_02_02,2001-02-02,0.8504,369.1498622894287,"{""type"":""MultiPoint"",""coordinates"":[]}"
2001_02_18,2001-02-18,0.3297,280.202449798584,"{""type"":""MultiPoint"",""coordinates"":[]}"
2001_03_06,2001-03-06,0.8362,196.00426483154297,"{""type"":""MultiPoint"",""coordinates"":[]}"
2001_03_22,2001-03-22,0.6454,191.12217259407043,"{""type"":""MultiPoint"",""coordinates"":[]}"
2001_04_07,2001-04-07,0.8957,244.64270853996277,"{""type"":""MultiPoint"",""coordinates"":[]}"
2001_04_23,2001-04-23,0.4829,297.26579666137695,"{""type"":""MultiPoint"",""coordinates"":[]}"
2001_05_09,2001-05-09,0.7337,194.07697200775146,"{""type"":""MultiPoint"",""coordinates"":[]}"
2001_05_25,2001-05-25,0.9013,209.754967212677,"{""type"":""MultiPoint"",""coordinates"":[]}"
2001_06_10,2001-06-10,0.3472,203.429358959198,"{""type"":""MultiPoint"",""coordinates"":[]}"
2001_06_26,2001-06-26,0.8931,139.09982013702393,"{""type"":""MultiPoint"",""coordinates"":[]}"
2001_07_12,2001-07-12,0.8815,111.95725989341736,"{""type"":""MultiPoint"",""coordinates"":[]}"
2001_07_28,2001-07-28,0.8562,50.916749715805054,"{""type"":""MultiPoint"",""coordinates"":[]}"
2001_08_13,2001-08-13,0.8703,44.90495443344116,"{""type"":""MultiPoint"",""coordinates"":[]}"
2001_08_29,2001-08-29,0.8378,21.450194597244263,"{""type"":""MultiPoint"",""coordinates"":[]}"
2001_09_14,2001-09-14,0.861,54.17256510257721,"{""type"":""MultiPoint"",""coordinates"":[]}"
2001_09_30,2001-09-30,0.9523,80.38859331607819,"{""type"":""MultiPoint"",""coordinates"":[]}"
2001_10_16,2001-10-16,0.8419,90.51182770729065,"{""type"":""MultiPoint"",""coordinates"":[]}"
2001_11_01,2001-11-01,0.9242,101.82593512535095,"{""type"":""MultiPoint"",""coordinates"":[]}"
2001_11_17,2001-11-17,0.8484,72.50702500343323,"{""type"":""MultiPoint"",""coordinates"":[]}"
2001_12_03,2001-12-03,0.5744,169.65530252456665,"{""type"":""MultiPoint"",""coordinates"":[]}"
2001_12_19,2001-12-19,0.3101,240.59895515441895,"{""type"":""MultiPoint"",""coordinates"":[]}"
2002_01_01,2002-01-01,0.832,226.0309042930603,"{""type"":""MultiPoint"",""coordinates"":[]}"
2002_01_17,2002-01-17,0.9163,331.8944020271301,"{""type"":""MultiPoint"",""coordinates"":[]}"
2002_02_02,2002-02-02,0.639,359.6656494140625,"{""type"":""MultiPoint"",""coordinates"":[]}"
2002_02_18,2002-02-18,0.8086,264.3488621711731,"{""type"":""MultiPoint"",""coordinates"":[]}"
2002_03_06,2002-03-06,0.8564,306.1974000930786,"{""type"":""MultiPoint"",""coordinates"":[]}"
2002_03_22,2002-03-22,0.7949,187.4853229522705,"{""type"":""MultiPoint"",""coordinates"":[]}"
2002_04_07,2002-04-07,0.8772,233.04677057266235,"{""type"":""MultiPoint"",""coordinates"":[]}"
2002_04_23,2002-04-23,0.8586,301.770028591156,"{""type"":""MultiPoint"",""coordinates"":[]}"
2002_05_09,2002-05-09,0.9005,302.6188802719116,"{""type"":""MultiPoint"",""coordinates"":[]}"
2002_05_25,2002-05-25,0.729,203.55093216896057,"{""type"":""MultiPoint"",""coordinates"":[]}"
2002_06_10,2002-06-10,0.9272,273.2506945133209,"{""type"":""MultiPoint"",""coordinates"":[]}"
2002_06_26,2002-06-26,0.8792,215.96446633338928,"{""type"":""MultiPoint"",""coordinates"":[]}"
2002_07_12,2002-07-12,0.9118,85.25456833839417,"{""type"":""MultiPoint"",""coordinates"":[]}"
2002_07_28,2002-07-28,0.8103,27.60854434967041,"{""type"":""MultiPoint"",""coordinates"":[]}"
2002_08_13,2002-08-13,0.8596,61.29292416572571,"{""type"":""MultiPoint"",""coordinates"":[]}"
2002_08_29,2002-08-29,0.8579,49.496127128601074,"{""type"":""MultiPoint"",""coordinates"":[]}"
2002_09_14,2002-09-14,0.9687,35.19366407394409,"{""type"":""MultiPoint"",""coordinates"":[]}"
2002_09_30,2002-09-30,0.8254,70.30464124679565,"{""type"":""MultiPoint"",""coordinates"":[]}"
2002_10_16,2002-10-16,0.7979,130.9471114873886,"{""type"":""MultiPoint"",""coordinates"":[]}"
2002_11_01,2002-11-01,0.8362,199.1800183057785,"{""type"":""MultiPoint"",""coordinates"":[]}"
2002_11_17,2002-11-17,0.8133,178.43702363967896,"{""type"":""MultiPoint"",""coordinates"":[]}"
2002_12_03,2002-12-03,0.9375,75.96693468093872,"{""type"":""MultiPoint"",""coordinates"":[]}"
2002_12_19,2002-12-19,0.8275,224.0329008102417,"{""type"":""MultiPoint"",""coordinates"":[]}"
2003_01_01,2003-01-01,0.8531,275.4602737426758,"{""type"":""MultiPoint"",""coordinates"":[]}"
2003_01_17,2003-01-17,0.8672,197.36452627182007,"{""type"":""MultiPoint"",""coordinates"":[]}"
2003_02_02,2003-02-02,0.4855,104.51086282730103,"{""type"":""MultiPoint"",""coordinates"":[]}"
2003_02_18,2003-02-18,0.8144,132.8953766822815,"{""type"":""MultiPoint"",""coordinates"":[]}"
2003_03_06,2003-03-06,0.7482,307.5936117172241,"{""type"":""MultiPoint"",""coordinates"":[]}"
2003_03_22,2003-03-22,0.8658,298.36070346832275,"{""type"":""MultiPoint"",""coordinates"":[]}"
2003_04_07,2003-04-07,0.8732,286.5118508338928,"{""type"":""MultiPoint"",""coordinates"":[]}"
2003_04_23,2003-04-23,0.7824,330.7488532066345,"{""type"":""MultiPoint"",""coordinates"":[]}"
2003_05_09,2003-05-09,0.9048,275.68979358673096,"{""type"":""MultiPoint"",""coordinates"":[]}"
2003_05_25,2003-05-25,0.8121,178.2590627670288,"{""type"":""MultiPoint"",""coordinates"":[]}"
2003_06_10,2003-06-10,0.8707,167.69530320167542,"{""type"":""MultiPoint"",""coordinates"":[]}"
2003_06_26,2003-06-26,0.7957,118.22082495689392,"{""type"":""MultiPoint"",""coordinates"":[]}"
2003_07_12,2003-07-12,0.8999,70.88499617576599,"{""type"":""MultiPoint"",""coordinates"":[]}"
2003_07_28,2003-07-28,0.8441,56.63553309440613,"{""type"":""MultiPoint"",""coordinates"":[]}"
2003_08_13,2003-08-13,0.8866,87.74475717544556,"{""type"":""MultiPoint"",""coordinates"":[]}"
2003_08_29,2003-08-29,0.8558,106.64254999160767,"{""type"":""MultiPoint"",""coordinates"":[]}"
2003_09_14,2003-09-14,0.679,72.08801102638245,"{""type"":""MultiPoint"",""coordinates"":[]}"
2003_09_30,2003-09-30,0.7789,57.10334801673889,"{""type"":""MultiPoint"",""coordinates"":[]}"
2003_10_16,2003-10-16,0.776,107.36662912368774,"{""type"":""MultiPoint"",""coordinates"":[]}"
2003_11_01,2003-11-01,0.8597,123.84384965896606,"{""type"":""MultiPoint"",""coordinates"":[]}"
2003_11_17,2003-11-17,0.5418,100.36305785179138,"{""type"":""MultiPoint"",""coordinates"":[]}"
2003_12_03,2003-12-03,0.9253,139.72487020492554,"{""type"":""MultiPoint"",""coordinates"":[]}"
2003_12_19,2003-12-19,0.8537,131.75639176368713,"{""type"":""MultiPoint"",""coordinates"":[]}"
2004_01_01,2004-01-01,0.6229,109.4833197593689,"{""type"":""MultiPoint"",""coordinates"":[]}"
2004_01_17,2004-01-17,0.9135,171.35790824890137,"{""type"":""MultiPoint"",""coordinates"":[]}"
2004_02_02,2004-02-02,0.8068,236.24942922592163,"{""type"":""MultiPoint"",""coordinates"":[]}"
2004_02_18,2004-02-18,0.837,173.0920729637146,"{""type"":""MultiPoint"",""coordinates"":[]}"
2004_03_05,2004-03-05,0.8848,174.53980588912964,"{""type"":""MultiPoint"",""coordinates"":[]}"
2004_03_21,2004-03-21,0.2974,309.5145311355591,"{""type"":""MultiPoint"",""coordinates"":[]}"
2004_04_06,2004-04-06,0.7724,345.4582734107971,"{""type"":""MultiPoint"",""coordinates"":[]}"
2004_04_22,2004-04-22,0.8681,265.9347722530365,"{""type"":""MultiPoint"",""coordinates"":[]}"
2004_05_08,2004-05-08,0.8683,323.95512676239014,"{""type"":""MultiPoint"",""coordinates"":[]}"
2004_05_24,2004-05-24,0.8746,302.83629870414734,"{""type"":""MultiPoint"",""coordinates"":[]}"
2004_06_09,2004-06-09,0.8844,207.54919624328613,"{""type"":""MultiPoint"",""coordinates"":[]}"
2004_06_25,2004-06-25,0.8685,142.53006315231323,"{""type"":""MultiPoint"",""coordinates"":[]}"
2004_07_11,2004-07-11,0.8908,102.6169981956482,"{""type"":""MultiPoint"",""coordinates"":[]}"
2004_07_27,2004-07-27,0.9024,79.21882438659668,"{""type"":""MultiPoint"",""coordinates"":[]}"
2004_08_12,2004-08-12,0.8535,93.84207344055176,"{""type"":""MultiPoint"",""coordinates"":[]}"
2004_08_28,2004-08-28,0.8431,84.91610431671143,"{""type"":""MultiPoint"",""coordinates"":[]}"
2004_09_13,2004-09-13,0.9038,96.39335107803345,"{""type"":""MultiPoint"",""coordinates"":[]}"
2004_09_29,2004-09-29,0.9865,98.52609610557556,"{""type"":""MultiPoint"",""coordinates"":[]}"
2004_10_15,2004-10-15,0.8282,93.30866193771362,"{""type"":""MultiPoint"",""coordinates"":[]}"
2004_10_31,2004-10-31,0.8835,144.70222973823547,"{""type"":""MultiPoint"",""coordinates"":[]}"
2004_11_16,2004-11-16,0.5821,122.05823183059692,"{""type"":""MultiPoint"",""coordinates"":[]}"
2004_12_02,2004-12-02,0.6539,52.90866279602051,"{""type"":""MultiPoint"",""coordinates"":[]}"
2004_12_18,2004-12-18,0.8683,84.52589893341064,"{""type"":""MultiPoint"",""coordinates"":[]}"
2005_01_01,2005-01-01,0.735,157.16080045700073,"{""type"":""MultiPoint"",""coordinates"":[]}"
2005_01_17,2005-01-17,0.8326,170.26637649536133,"{""type"":""MultiPoint"",""coordinates"":[]}"
2005_02_02,2005-02-02,0.5638,246.2397084236145,"{""type"":""MultiPoint"",""coordinates"":[]}"
2005_02_18,2005-02-18,0.8524,368.8213152885437,"{""type"":""MultiPoint"",""coordinates"":[]}"
2005_03_06,2005-03-06,0.8764,416.54050302505493,"{""type"":""MultiPoint"",""coordinates"":[]}"
2005_03_22,2005-03-22,0.6975,368.8890652656555,"{""type"":""MultiPoint"",""coordinates"":[]}"
2005_04_07,2005-04-07,0.8419,344.0704050064087,"{""type"":""MultiPoint"",""coordinates"":[]}"
2005_04_23,2005-04-23,0.8462,347.8384985923767,"{""type"":""MultiPoint"",""coordinates"":[]}"
2005_05_09,2005-05-09,0.975,386.33644008636475,"{""type"":""MultiPoint"",""coordinates"":[]}"
2005_05_25,2005-05-25,0.9049,258.818772315979,"{""type"":""MultiPoint"",""coordinates"":[]}"
2005_06_10,2005-06-10,0.8981,125.7158625125885,"{""type"":""MultiPoint"",""coordinates"":[]}"
2005_06_26,2005-06-26,0.8079,79.87543392181396,"{""type"":""MultiPoint"",""coordinates"":[]}"
2005_07_12,2005-07-12,0.9197,64.25725674629211,"{""type"":""MultiPoint"",""coordinates"":[]}"
2005_07_28,2005-07-28,0.8514,46.92780613899231,"{""type"":""MultiPoint"",""coordinates"":[]}"
2005_08_13,2005-08-13,0.8454,23.74824047088623,"{""type"":""MultiPoint"",""coordinates"":[]}"
2005_08_29,2005-08-29,0.8335,38.93607783317566,"{""type"":""MultiPoint"",""coordinates"":[]}"
2005_09_14,2005-09-14,0.9141,58.72961711883545,"{""type"":""MultiPoint"",""coordinates"":[]}"
2005_09_30,2005-09-30,0.9284,73.19067287445068,"{""type"":""MultiPoint"",""coordinates"":[]}"
2005_10_16,2005-10-16,0.6382,92.59512543678284,"{""type"":""MultiPoint"",""coordinates"":[]}"
2005_11_01,2005-11-01,0.8026,121.30047535896301,"{""type"":""MultiPoint"",""coordinates"":[]}"
2005_11_17,2005-11-17,0.7342,188.99289798736572,"{""type"":""MultiPoint"",""coordinates"":[]}"
2005_12_03,2005-12-03,0.8142,241.75395250320435,"{""type"":""MultiPoint"",""coordinates"":[]}"
2005_12_19,2005-12-19,0.84,240.1956386566162,"{""type"":""MultiPoint"",""coordinates"":[]}"
2006_01_01,2006-01-01,0.84,271.27566623687744,"{""type"":""MultiPoint"",""coordinates"":[]}"
2006_01_17,2006-01-17,0.8526,235.0512146949768,"{""type"":""MultiPoint"",""coordinates"":[]}"
2006_02_02,2006-02-02,0.84,219.62317895889282,"{""type"":""MultiPoint"",""coordinates"":[]}"
2006_02_18,2006-02-18,0.8496,289.21616554260254,"{""type"":""MultiPoint"",""coordinates"":[]}"
2006_03_06,2006-03-06,0.8089,272.59469652175903,"{""type"":""MultiPoint"",""coordinates"":[]}"
2006_03_22,2006-03-22,0.278,273.91983366012573,"{""type"":""MultiPoint"",""coordinates"":[]}"
2006_04_07,2006-04-07,0.859,266.18471240997314,"{""type"":""MultiPoint"",""coordinates"":[]}"
2006_04_23,2006-04-23,0.8737,241.2662320137024,"{""type"":""MultiPoint"",""coordinates"":[]}"
2006_05_09,2006-05-09,0.258,318.32441902160645,"{""type"":""MultiPoint"",""coordinates"":[]}"
2006_05_25,2006-05-25,0.8672,370.669771194458,"{""type"":""MultiPoint"",""coordinates"":[]}"
2006_06_10,2006-06-10,0.8654,211.47780466079712,"{""type"":""MultiPoint"",""coordinates"":[]}"
2006_06_26,2006-06-26,0.8466,123.12017869949341,"{""type"":""MultiPoint"",""coordinates"":[]}"
2006_07_12,2006-07-12,0.8724,76.69197416305542,"{""type"":""MultiPoint"",""coordinates"":[]}"
2006_07_28,2006-07-28,0.8695,54.33710193634033,"{""type"":""MultiPoint"",""coordinates"":[]}"
2006_08_13,2006-08-13,0.8113,66.95821285247803,"{""type"":""MultiPoint"",""coordinates"":[]}"
2006_08_29,2006-08-29,0.8789,64.36099982261658,"{""type"":""MultiPoint"",""coordinates"":[]}"
2006_09_14,2006-09-14,0.8036,44.36233568191528,"{""type"":""MultiPoint"",""coordinates"":[]}"
2006_09_30,2006-09-30,0.8133,56.42247235774994,"{""type"":""MultiPoint"",""coordinates"":[]}"
2006_10_16,2006-10-16,0.8196,85.02965021133423,"{""type"":""MultiPoint"",""coordinates"":[]}"
2006_11_01,2006-11-01,0.6758,84.25596606731415,"{""type"":""MultiPoint"",""coordinates"":[]}"
2006_11_17,2006-11-17,0.7548,184.7510757446289,"{""type"":""MultiPoint"",""coordinates"":[]}"
2006_12_03,2006-12-03,0.9475,244.59081983566284,"{""type"":""MultiPoint"",""coordinates"":[]}"
2006_12_19,2006-12-19,0.894,250.38268661499023,"{""type"":""MultiPoint"",""coordinates"":[]}"
2007_01_01,2007-01-01,0.8291,250.28383088111877,"{""type"":""MultiPoint"",""coordinates"":[]}"
2007_01_17,2007-01-17,0.7833,246.50559639930725,"{""type"":""MultiPoint"",""coordinates"":[]}"
2007_02_02,2007-02-02,0.8516,336.488862991333,"{""type"":""MultiPoint"",""coordinates"":[]}"
2007_02_18,2007-02-18,0.816,136.2999029159546,"{""type"":""MultiPoint"",""coordinates"":[]}"
2007_03_06,2007-03-06,0.7715,171.21689581871033,"{""type"":""MultiPoint"",""coordinates"":[]}"
2007_03_22,2007-03-22,0.5615,284.3574604988098,"{""type"":""MultiPoint"",""coordinates"":[]}"
2007_04_07,2007-04-07,0.7555,345.8007130622864,"{""type"":""MultiPoint"",""coordinates"":[]}"
2007_04_23,2007-04-23,0.9086,461.2648959159851,"{""type"":""MultiPoint"",""coordinates"":[]}"
2007_05_09,2007-05-09,0.9281,346.48834466934204,"{""type"":""MultiPoint"",""coordinates"":[]}"
2007_05_25,2007-05-25,0.873,146.7065625190735,"{""type"":""MultiPoint"",""coordinates"":[]}"
2007_06_10,2007-06-10,0.8752,195.08346462249756,"{""type"":""MultiPoint"",""coordinates"":[]}"
2007_06_26,2007-06-26,0.8424,152.22644662857056,"{""type"":""MultiPoint"",""coordinates"":[]}"
2007_07_12,2007-07-12,0.9066,45.60962724685669,"{""type"":""MultiPoint"",""coordinates"":[]}"
2007_07_28,2007-07-28,0.8785,66.76824569702148,"{""type"":""MultiPoint"",""coordinates"":[]}"
2007_08_13,2007-08-13,0.8422,126.40822982788086,"{""type"":""MultiPoint"",""coordinates"":[]}"
2007_08_29,2007-08-29,0.8038,117.0129508972168,"{""type"":""MultiPoint"",""coordinates"":[]}"
2007_09_14,2007-09-14,0.8917,125.39604663848877,"{""type"":""MultiPoint"",""coordinates"":[]}"
2007_09_30,2007-09-30,0.843,84.41008484363556,"{""type"":""MultiPoint"",""coordinates"":[]}"
2007_10_16,2007-10-16,0.7653,73.82831680774689,"{""type"":""MultiPoint"",""coordinates"":[]}"
2007_11_01,2007-11-01,0.3545,91.17892670631409,"{""type"":""MultiPoint"",""coordinates"":[]}"
2007_11_17,2007-11-17,0.9306,96.34579622745514,"{""type"":""MultiPoint"",""coordinates"":[]}"
2007_12_03,2007-12-03,0.8396,163.311572432518,"{""type"":""MultiPoint"",""coordinates"":[]}"
2007_12_19,2007-12-19,0.4893,231.6440567970276,"{""type"":""MultiPoint"",""coordinates"":[]}"
2008_01_01,2008-01-01,0.9377,290.32945585250854,"{""type"":""MultiPoint"",""coordinates"":[]}"
2008_01_17,2008-01-17,0.808,343.47102451324463,"{""type"":""MultiPoint"",""coordinates"":[]}"
2008_02_02,2008-02-02,0.8609,312.46002769470215,"{""type"":""MultiPoint"",""coordinates"":[]}"
2008_02_18,2008-02-18,0.7287,295.22425985336304,"{""type"":""MultiPoint"",""coordinates"":[]}"
2008_03_05,2008-03-05,0.703,236.2478632926941,"{""type"":""MultiPoint"",""coordinates"":[]}"
2008_03_21,2008-03-21,0.9252,326.6055874824524,"{""type"":""MultiPoint"",""coordinates"":[]}"
2008_04_06,2008-04-06,0.8984,424.42694330215454,"{""type"":""MultiPoint"",""coordinates"":[]}"
2008_04_22,2008-04-22,0.8847,334.1095995903015,"{""type"":""MultiPoint"",""coordinates"":[]}"
2008_05_08,2008-05-08,0.8972,319.26775908470154,"{""type"":""MultiPoint"",""coordinates"":[]}"
2008_05_24,2008-05-24,0.8364,250.34290146827698,"{""type"":""MultiPoint"",""coordinates"":[]}"
2008_06_09,2008-06-09,0.8699,138.48535060882568,"{""type"":""MultiPoint"",""coordinates"":[]}"
2008_06_25,2008-06-25,0.8916,161.23066568374634,"{""type"":""MultiPoint"",""coordinates"":[]}"
2008_07_11,2008-07-11,0.8925,149.0032205581665,"{""type"":""MultiPoint"",""coordinates"":[]}"
2008_07_27,2008-07-27,0.8569,81.15235948562622,"{""type"":""MultiPoint"",""coordinates"":[]}"
2008_08_12,2008-08-12,0.8705,50.67368221282959,"{""type"":""MultiPoint"",""coordinates"":[]}"
2008_08_28,2008-08-28,0.8976,50.99445843696594,"{""type"":""MultiPoint"",""coordinates"":[]}"
2008_09_13,2008-09-13,0.8085,66.3579728603363,"{""type"":""MultiPoint"",""coordinates"":[]}"
2008_09_29,2008-09-29,0.8547,62.104674339294434,"{""type"":""MultiPoint"",""coordinates"":[]}"
2008_10_15,2008-10-15,0.8068,141.50655364990234,"{""type"":""MultiPoint"",""coordinates"":[]}"
2008_10_31,2008-10-31,0.8628,182.01654481887817,"{""type"":""MultiPoint"",""coordinates"":[]}"
2008_11_16,2008-11-16,0.6862,145.23237586021423,"{""type"":""MultiPoint"",""coordinates"":[]}"
2008_12_02,2008-12-02,0.8885,223.21670413017273,"{""type"":""MultiPoint"",""coordinates"":[]}"
2008_12_18,2008-12-18,0.6099,247.88949012756348,"{""type"":""MultiPoint"",""coordinates"":[]}"
2009_01_01,2009-01-01,0.9218,304.4812812805176,"{""type"":""MultiPoint"",""coordinates"":[]}"
2009_01_17,2009-01-17,0.7734,341.6332883834839,"{""type"":""MultiPoint"",""coordinates"":[]}"
2009_02_02,2009-02-02,0.7869,339.5288243293762,"{""type"":""MultiPoint"",""coordinates"":[]}"
2009_02_18,2009-02-18,0.8393,382.9363737106323,"{""type"":""MultiPoint"",""coordinates"":[]}"
2009_03_06,2009-03-06,0.8453,290.3157353401184,"{""type"":""MultiPoint"",""coordinates"":[]}"
2009_03_22,2009-03-22,0.8542,245.04552125930786,"{""type"":""MultiPoint"",""coordinates"":[]}"
2009_04_07,2009-04-07,0.7496,201.52107429504395,"{""type"":""MultiPoint"",""coordinates"":[]}"
2009_04_23,2009-04-23,0.8328,196.75708031654358,"{""type"":""MultiPoint"",""coordinates"":[]}"
2009_05_09,2009-05-09,0.659,188.51087403297424,"{""type"":""MultiPoint"",""coordinates"":[]}"
2009_05_25,2009-05-25,0.4335,137.76799750328064,"{""type"":""MultiPoint"",""coordinates"":[]}"
2009_06_10,2009-06-10,0.9582,184.24515795707703,"{""type"":""MultiPoint"",""coordinates"":[]}"
2009_06_26,2009-06-26,0.9231,154.12930262088776,"{""type"":""MultiPoint"",""coordinates"":[]}"
2009_07_12,2009-07-12,0.8917,75.50152790546417,"{""type"":""MultiPoint"",""coordinates"":[]}"
2009_07_28,2009-07-28,0.909,25.788039207458496,"{""type"":""MultiPoint"",""coordinates"":[]}"
2009_08_13,2009-08-13,0.8158,20.621238708496094,"{""type"":""MultiPoint"",""coordinates"":[]}"
2009_08_29,2009-08-29,0.844,25.17861843109131,"{""type"":""MultiPoint"",""coordinates"":[]}"
2009_09_14,2009-09-14,0.8525,19.70190703868866,"{""type"":""MultiPoint"",""coordinates"":[]}"
2009_09_30,2009-09-30,0.6177,22.973745107650757,"{""type"":""MultiPoint"",""coordinates"":[]}"
2009_10_16,2009-10-16,0.9031,58.03316593170166,"{""type"":""MultiPoint"",""coordinates"":[]}"
2009_11_01,2009-11-01,0.8608,75.12194085121155,"{""type"":""MultiPoint"",""coordinates"":[]}"
2009_11_17,2009-11-17,0.8671,97.31106698513031,"{""type"":""MultiPoint"",""coordinates"":[]}"
2009_12_03,2009-12-03,0.8371,72.22792911529541,"{""type"":""MultiPoint"",""coordinates"":[]}"
2009_12_19,2009-12-19,0.5967,139.40595054626465,"{""type"":""MultiPoint"",""coordinates"":[]}"
2010_01_01,2010-01-01,0.8675,227.19394659996033,"{""type"":""MultiPoint"",""coordinates"":[]}"
2010_01_17,2010-01-17,0.7645,198.65765929222107,"{""type"":""MultiPoint"",""coordinates"":[]}"
2010_02_02,2010-02-02,0.2417,184.31430387496948,"{""type"":""MultiPoint"",""coordinates"":[]}"
2010_02_18,2010-02-18,0.8246,303.29141998291016,"{""type"":""MultiPoint"",""coordinates"":[]}"
2010_03_06,2010-03-06,0.8792,270.8760645389557,"{""type"":""MultiPoint"",""coordinates"":[]}"
2010_03_22,2010-03-22,0.8167,157.68158221244812,"{""type"":""MultiPoint"",""coordinates"":[]}"
2010_04_07,2010-04-07,0.6923,217.81834387779236,"{""type"":""MultiPoint"",""coordinates"":[]}"
2010_04_23,2010-04-23,0.4796,276.93353366851807,"{""type"":""MultiPoint"",""coordinates"":[]}"
2010_05_09,2010-05-09,0.9323,219.88398265838623,"{""type"":""MultiPoint"",""coordinates"":[]}"
2010_05_25,2010-05-25,0.6394,154.18441343307495,"{""type"":""MultiPoint"",""coordinates"":[]}"
2010_06_10,2010-06-10,0.8636,159.66846132278442,"{""type"":""MultiPoint"",""coordinates"":[]}"
2010_06_26,2010-06-26,0.8794,153.08043479919434,"{""type"":""MultiPoint"",""coordinates"":[]}"
2010_07_12,2010-07-12,0.8444,87.80686712265015,"{""type"":""MultiPoint"",""coordinates"":[]}"
2010_07_28,2010-07-28,0.9141,87.4209532737732,"{""type"":""MultiPoint"",""coordinates"":[]}"
2010_08_13,2010-08-13,0.847,53.12387418746948,"{""type"":""MultiPoint"",""coordinates"":[]}"
2010_08_29,2010-08-29,0.8154,65.70213556289673,"{""type"":""MultiPoint"",""coordinates"":[]}"
2010_09_14,2010-09-14,0.812,78.86106181144714,"{""type"":""MultiPoint"",""coordinates"":[]}"
2010_09_30,2010-09-30,0.8111,46.931190490722656,"{""type"":""MultiPoint"",""coordinates"":[]}"
2010_10_16,2010-10-16,0.8703,75.16156792640686,"{""type"":""MultiPoint"",""coordinates"":[]}"
2010_11_01,2010-11-01,0.5546,151.47829961776733,"{""type"":""MultiPoint"",""coordinates"":[]}"
2010_11_17,2010-11-17,0.7937,186.55698990821838,"{""type"":""MultiPoint"",""coordinates"":[]}"
2010_12_03,2010-12-03,0.8215,157.60387802124023,"{""type"":""MultiPoint"",""coordinates"":[]}"
2010_12_19,2010-12-19,0.7954,131.88525080680847,"{""type"":""MultiPoint"",""coordinates"":[]}"
2011_01_01,2011-01-01,0.8278,227.43162846565247,"{""type"":""MultiPoint"",""coordinates"":[]}"
2011_01_17,2011-01-17,0.8087,274.89703464508057,"{""type"":""MultiPoint"",""coordinates"":[]}"
2011_02_02,2011-02-02,0.7405,240.93545866012573,"{""type"":""MultiPoint"",""coordinates"":[]}"
2011_02_18,2011-02-18,0.5172,365.30726766586304,"{""type"":""MultiPoint"",""coordinates"":[]}"
2011_03_06,2011-03-06,0.9145,438.6779236793518,"{""type"":""MultiPoint"",""coordinates"":[]}"
2011_03_22,2011-03-22,0.3243,336.5811142921448,"{""type"":""MultiPoint"",""coordinates"":[]}"
2011_04_07,2011-04-07,0.9351,319.74152088165283,"{""type"":""MultiPoint"",""coordinates"":[]}"
2011_04_23,2011-04-23,0.7994,373.2914547920227,"{""type"":""MultiPoint"",""coordinates"":[]}"
2011_05_09,2011-05-09,0.8469,361.5152769088745,"{""type"":""MultiPoint"",""coordinates"":[]}"
2011_05_25,2011-05-25,0.902,273.9345464706421,"{""type"":""MultiPoint"",""coordinates"":[]}"
2011_06_10,2011-06-10,0.8956,130.30897665023804,"{""type"":""MultiPoint"",""coordinates"":[]}"
2011_06_26,2011-06-26,0.8217,109.77127170562744,"{""type"":""MultiPoint"",""coordinates"":[]}"
2011_07_12,2011-07-12,0.8985,102.58427429199219,"{""type"":""MultiPoint"",""coordinates"":[]}"
2011_07_28,2011-07-28,0.8798,59.3968243598938,"{""type"":""MultiPoint"",""coordinates"":[]}"
2011_08_13,2011-08-13,0.9138,11.609779834747314,"{""type"":""MultiPoint"",""coordinates"":[]}"
2011_08_29,2011-08-29,0.8734,61.68665385246277,"{""type"":""MultiPoint"",""coordinates"":[]}"
2011_09_14,2011-09-14,0.8047,84.21283710002899,"{""type"":""MultiPoint"",""coordinates"":[]}"
2011_09_30,2011-09-30,0.8235,56.17209035158157,"{""type"":""MultiPoint"",""coordinates"":[]}"
2011_10_16,2011-10-16,0.7718,153.26114600896835,"{""type"":""MultiPoint"",""coordinates"":[]}"
2011_11_01,2011-11-01,0.8291,234.093816280365,"{""type"":""MultiPoint"",""coordinates"":[]}"
2011_11_17,2011-11-17,0.8068,239.5362687110901,"{""type"":""MultiPoint"",""coordinates"":[]}"
2011_12_03,2011-12-03,0.8187,224.11195588111877,"{""type"":""MultiPoint"",""coordinates"":[]}"
2011_12_19,2011-12-19,0.8882,170.35865306854248,"{""type"":""MultiPoint"",""coordinates"":[]}"
2012_01_01,2012-01-01,0.273,210.1838710308075,"{""type"":""MultiPoint"",""coordinates"":[]}"
2012_01_17,2012-01-17,0.6346,335.339638710022,"{""type"":""MultiPoint"",""coordinates"":[]}"
2012_02_02,2012-02-02,0.545,336.0065050125122,"{""type"":""MultiPoint"",""coordinates"":[]}"
2012_02_18,2012-02-18,0.8192,239.22377681732178,"{""type"":""MultiPoint"",""coordinates"":[]}"
2012_03_05,2012-03-05,0.8323,242.9778380393982,"{""type"":""MultiPoint"",""coordinates"":[]}"
2012_03_21,2012-03-21,0.7082,295.60727548599243,"{""type"":""MultiPoint"",""coordinates"":[]}"
2012_04_06,2012-04-06,0.8575,236.7254912853241,"{""type"":""MultiPoint"",""coordinates"":[]}"
2012_04_22,2012-04-22,0.4536,207.17515063285828,"{""type"":""MultiPoint"",""coordinates"":[]}"
2012_05_08,2012-05-08,0.9591,162.9630641937256,"{""type"":""MultiPoint"",""coordinates"":[]}"
2012_05_24,2012-05-24,0.6833,157.08596181869507,"{""type"":""MultiPoint"",""coordinates"":[]}"
2012_06_09,2012-06-09,0.8904,93.70088911056519,"{""type"":""MultiPoint"",""coordinates"":[]}"
2012_06_25,2012-06-25,0.9053,83.9142484664917,"{""type"":""MultiPoint"",""coordinates"":[]}"
2012_07_11,2012-07-11,0.8997,50.688132762908936,"{""type"":""MultiPoint"",""coordinates"":[]}"
2012_07_27,2012-07-27,0.8932,98.72779989242554,"{""type"":""MultiPoint"",""coordinates"":[]}"
2012_08_12,2012-08-12,0.8633,99.1699914932251,"{""type"":""MultiPoint"",""coordinates"":[]}"
2012_08_28,2012-08-28,0.9976,50.46578359603882,"{""type"":""MultiPoint"",""coordinates"":[]}"
2012_09_13,2012-09-13,0.8336,40.217686891555786,"{""type"":""MultiPoint"",""coordinates"":[]}"
2012_09_29,2012-09-29,0.7492,71.94808912277222,"{""type"":""MultiPoint"",""coordinates"":[]}"
2012_10_15,2012-10-15,0.731,130.34903979301453,"{""type"":""MultiPoint"",""coordinates"":[]}"
2012_10_31,2012-10-31,0.8459,136.06210780143738,"{""type"":""MultiPoint"",""coordinates"":[]}"
2012_11_16,2012-11-16,0.4311,248.43655407428741,"{""type"":""MultiPoint"",""coordinates"":[]}"
2012_12_02,2012-12-02,0.6629,287.82927906513214,"{""type"":""MultiPoint"",""coordinates"":[]}"
2012_12_18,2012-12-18,0.7798,212.8750081062317,"{""type"":""MultiPoint"",""coordinates"":[]}"
2013_01_01,2013-01-01,0.8695,231.76469135284424,"{""type"":""MultiPoint"",""coordinates"":[]}"
2013_01_17,2013-01-17,0.6746,243.61610412597656,"{""type"":""MultiPoint"",""coordinates"":[]}"
2013_02_02,2013-02-02,0.6706,249.83594226837158,"{""type"":""MultiPoint"",""coordinates"":[]}"
2013_02_18,2013-02-18,0.7096,352.4989194869995,"{""type"":""MultiPoint"",""coordinates"":[]}"
2013_03_06,2013-03-06,0.8662,296.58197927474976,"{""type"":""MultiPoint"",""coordinates"":[]}"
2013_03_22,2013-03-22,0.6441,142.31210792064667,"{""type"":""MultiPoint"",""coordinates"":[]}"
2013_04_07,2013-04-07,0.9304,195.90235769748688,"{""type"":""MultiPoint"",""coordinates"":[]}"
2013_04_23,2013-04-23,0.6031,326.742383480072,"{""type"":""MultiPoint"",""coordinates"":[]}"
2013_05_09,2013-05-09,0.9092,348.1313180923462,"{""type"":""MultiPoint"",""coordinates"":[]}"
2013_05_25,2013-05-25,0.8699,287.5519952774048,"{""type"":""MultiPoint"",""coordinates"":[]}"
2013_06_10,2013-06-10,0.8437,178.7347710132599,"{""type"":""MultiPoint"",""coordinates"":[]}"
2013_06_26,2013-06-26,0.4867,59.353328466415405,"{""type"":""MultiPoint"",""coordinates"":[]}"
2013_07_12,2013-07-12,0.888,102.43996095657349,"{""type"":""MultiPoint"",""coordinates"":[]}"
2013_07_28,2013-07-28,0.8821,104.60421371459961,"{""type"":""MultiPoint"",""coordinates"":[]}"
2013_08_13,2013-08-13,0.8407,65.81260204315186,"{""type"":""MultiPoint"",""coordinates"":[]}"
2013_08_29,2013-08-29,0.8615,88.90163332223892,"{""type"":""MultiPoint"",""coordinates"":[]}"
2013_09_14,2013-09-14,0.8007,96.34692984819412,"{""type"":""MultiPoint"",""coordinates"":[]}"
2013_09_30,2013-09-30,0.8557,96.2938482761383,"{""type"":""MultiPoint"",""coordinates"":[]}"
2013_10_16,2013-10-16,0.7852,186.69422817230225,"{""type"":""MultiPoint"",""coordinates"":[]}"
2013_11_01,2013-11-01,0.7918,230.2535948753357,"{""type"":""MultiPoint"",""coordinates"":[]}"
2013_11_17,2013-11-17,0.9093,217.886465549469,"{""type"":""MultiPoint"",""coordinates"":[]}"
2013_12_03,2013-12-03,0.8042,251.4978528022766,"{""type"":""MultiPoint"",""coordinates"":[]}"
2013_12_19,2013-12-19,0.8504,104.93803358078003,"{""type"":""MultiPoint"",""coordinates"":[]}"
2014_01_01,2014-01-01,0.8504,115.3221492767334,"{""type"":""MultiPoint"",""coordinates"":[]}"
2014_01_17,2014-01-17,0.8314,240.64796924591064,"{""type"":""MultiPoint"",""coordinates"":[]}"
2014_02_02,2014-02-02,0.7174,250.52310180664062,"{""type"":""MultiPoint"",""coordinates"":[]}"
2014_02_18,2014-02-18,0.7646,235.3719081878662,"{""type"":""MultiPoint"",""coordinates"":[]}"
2014_03_06,2014-03-06,0.9125,272.80377197265625,"{""type"":""MultiPoint"",""coordinates"":[]}"
2014_03_22,2014-03-22,0.9195,411.6402750015259,"{""type"":""MultiPoint"",""coordinates"":[]}"
2014_04_07,2014-04-07,0.6161,471.4709005355835,"{""type"":""MultiPoint"",""coordinates"":[]}"
2014_04_23,2014-04-23,0.4826,348.98785877227783,"{""type"":""MultiPoint"",""coordinates"":[]}"
2014_05_09,2014-05-09,0.7623,349.21720266342163,"{""type"":""MultiPoint"",""coordinates"":[]}"
2014_05_25,2014-05-25,0.9064,296.6390595436096,"{""type"":""MultiPoint"",""coordinates"":[]}"
2014_06_10,2014-06-10,0.8835,228.02503776550293,"{""type"":""MultiPoint"",""coordinates"":[]}"
2014_06_26,2014-06-26,0.8999,268.8184871673584,"{""type"":""MultiPoint"",""coordinates"":[]}"
2014_07_12,2014-07-12,0.873,181.39546585083008,"{""type"":""MultiPoint"",""coordinates"":[]}"
2014_07_28,2014-07-28,0.8887,53.18977499008179,"{""type"":""MultiPoint"",""coordinates"":[]}"
2014_08_13,2014-08-13,0.8798,45.51796531677246,"{""type"":""MultiPoint"",""coordinates"":[]}"
2014_08_29,2014-08-29,0.8638,64.3680968284607,"{""type"":""MultiPoint"",""coordinates"":[]}"
2014_09_14,2014-09-14,0.7933,52.8615837097168,"{""type"":""MultiPoint"",""coordinates"":[]}"
2014_09_30,2014-09-30,0.6507,51.9373100399971,"{""type"":""MultiPoint"",""coordinates"":[]}"
2014_10_16,2014-10-16,0.7877,124.6170305609703,"{""type"":""MultiPoint"",""coordinates"":[]}"
2014_11_01,2014-11-01,0.8301,188.55248308181763,"{""type"":""MultiPoint"",""coordinates"":[]}"
2014_11_17,2014-11-17,0.6642,196.99256443977356,"{""type"":""MultiPoint"",""coordinates"":[]}"
2014_12_03,2014-12-03,0.8663,182.14891695976257,"{""type"":""MultiPoint"",""coordinates"":[]}"
2014_12_19,2014-12-19,0.9212,144.2031707763672,"{""type"":""MultiPoint"",""coordinates"":[]}"
2015_01_01,2015-01-01,0.9212,183.12008094787598,"{""type"":""MultiPoint"",""coordinates"":[]}"
2015_01_17,2015-01-17,0.8868,269.3740601539612,"{""type"":""MultiPoint"",""coordinates"":[]}"
2015_02_02,2015-02-02,0.7969,336.03805589675903,"{""type"":""MultiPoint"",""coordinates"":[]}"
2015_02_18,2015-02-18,0.8397,241.318519115448,"{""type"":""MultiPoint"",""coordinates"":[]}"
2015_03_06,2015-03-06,0.4812,238.7594575881958,"{""type"":""MultiPoint"",""coordinates"":[]}"
2015_03_22,2015-03-22,0.8546,257.0998249053955,"{""type"":""MultiPoint"",""coordinates"":[]}"
2015_04_07,2015-04-07,0.776,287.43015003204346,"{""type"":""MultiPoint"",""coordinates"":[]}"
2015_04_23,2015-04-23,0.8069,264.42906665802,"{""type"":""MultiPoint"",""coordinates"":[]}"
2015_05_09,2015-05-09,0.9061,210.28304195404053,"{""type"":""MultiPoint"",""coordinates"":[]}"
2015_05_25,2015-05-25,0.8149,267.3640055656433,"{""type"":""MultiPoint"",""coordinates"":[]}"
2015_06_10,2015-06-10,0.9132,213.3887505531311,"{""type"":""MultiPoint"",""coordinates"":[]}"
2015_06_26,2015-06-26,0.8212,107.3538932800293,"{""type"":""MultiPoint"",""coordinates"":[]}"
2015_07_12,2015-07-12,0.8999,62.71426343917847,"{""type"":""MultiPoint"",""coordinates"":[]}"
2015_07_28,2015-07-28,0.8982,56.250919342041016,"{""type"":""MultiPoint"",""coordinates"":[]}"
2015_08_13,2015-08-13,0.847,46.43708610534668,"{""type"":""MultiPoint"",""coordinates"":[]}"
2015_08_29,2015-08-29,0.8777,11.354192733764648,"{""type"":""MultiPoint"",""coordinates"":[]}"
2015_09_14,2015-09-14,0.8487,42.01948547363281,"{""type"":""MultiPoint"",""coordinates"":[]}"
2015_09_30,2015-09-30,0.7239,23.127636909484863,"{""type"":""MultiPoint"",""coordinates"":[]}"
2015_10_16,2015-10-16,0.8306,21.59074056148529,"{""type"":""MultiPoint"",""coordinates"":[]}"
2015_11_01,2015-11-01,0.7252,36.67107307910919,"{""type"":""MultiPoint"",""coordinates"":[]}"
2015_11_17,2015-11-17,0.799,85.0598566532135,"{""type"":""MultiPoint"",""coordinates"":[]}"
2015_12_03,2015-12-03,0.6177,90.90461993217468,"{""type"":""MultiPoint"",""coordinates"":[]}"
2015_12_19,2015-12-19,0.187,135.98766684532166,"{""type"":""MultiPoint"",""coordinates"":[]}"
2016_01_01,2016-01-01,0.8325,146.92999744415283,"{""type"":""MultiPoint"",""coordinates"":[]}"
2016_01_17,2016-01-17,0.8601,118.97073364257812,"{""type"":""MultiPoint"",""coordinates"":[]}"
2016_02_02,2016-02-02,0.7904,125.3547477722168,"{""type"":""MultiPoint"",""coordinates"":[]}"
2016_02_18,2016-02-18,0.4637,98.03323745727539,"{""type"":""MultiPoint"",""coordinates"":[]}"
2016_03_05,2016-03-05,0.8085,256.9965114593506,"{""type"":""MultiPoint"",""coordinates"":[]}"
2016_03_21,2016-03-21,0.5987,339.5528984069824,"{""type"":""MultiPoint"",""coordinates"":[]}"
2016_04_06,2016-04-06,0.5766,316.59241676330566,"{""type"":""MultiPoint"",""coordinates"":[]}"
2016_04_22,2016-04-22,0.847,314.4854655265808,"{""type"":""MultiPoint"",""coordinates"":[]}"
2016_05_08,2016-05-08,0.7661,270.19365644454956,"{""type"":""MultiPoint"",""coordinates"":[]}"
2016_05_24,2016-05-24,0.9296,184.0976858139038,"{""type"":""MultiPoint"",""coordinates"":[]}"
2016_06_09,2016-06-09,0.8905,142.41877460479736,"{""type"":""MultiPoint"",""coordinates"":[]}"
2016_06_25,2016-06-25,0.8862,101.49634790420532,"{""type"":""MultiPoint"",""coordinates"":[]}"
2016_07_11,2016-07-11,0.9054,80.27273273468018,"{""type"":""MultiPoint"",""coordinates"":[]}"
2016_07_27,2016-07-27,0.8874,99.07950115203857,"{""type"":""MultiPoint"",""coordinates"":[]}"
2016_08_12,2016-08-12,0.8569,89.21268939971924,"{""type"":""MultiPoint"",""coordinates"":[]}"
2016_08_28,2016-08-28,0.8808,51.23854875564575,"{""type"":""MultiPoint"",""coordinates"":[]}"
2016_09_13,2016-09-13,0.9007,103.90826034545898,"{""type"":""MultiPoint"",""coordinates"":[]}"
2016_09_29,2016-09-29,0.9592,123.36833238601685,"{""type"":""MultiPoint"",""coordinates"":[]}"
2016_10_15,2016-10-15,0.5908,146.9123659133911,"{""type"":""MultiPoint"",""coordinates"":[]}"
2016_10_31,2016-10-31,0.7827,167.86296224594116,"{""type"":""MultiPoint"",""coordinates"":[]}"
2016_11_16,2016-11-16,0.6092,211.88457107543945,"{""type"":""MultiPoint"",""coordinates"":[]}"
2016_12_02,2016-12-02,0.3577,246.7241234779358,"{""type"":""MultiPoint"",""coordinates"":[]}"
2016_12_18,2016-12-18,0.8656,335.87791442871094,"{""type"":""MultiPoint"",""coordinates"":[]}"
2017_01_01,2017-01-01,0.7686,419.3540620803833,"{""type"":""MultiPoint"",""coordinates"":[]}"
2017_01_17,2017-01-17,0.5336,284.9747943878174,"{""type"":""MultiPoint"",""coordinates"":[]}"
2017_02_02,2017-02-02,0.4599,395.33200454711914,"{""type"":""MultiPoint"",""coordinates"":[]}"
2017_02_18,2017-02-18,0.8266,410.85961627960205,"{""type"":""MultiPoint"",""coordinates"":[]}"
2017_03_06,2017-03-06,0.6864,196.903413772583,"{""type"":""MultiPoint"",""coordinates"":[]}"
2017_03_22,2017-03-22,0.7907,289.0370168685913,"{""type"":""MultiPoint"",""coordinates"":[]}"
2017_04_07,2017-04-07,0.8762,355.24030208587646,"{""type"":""MultiPoint"",""coordinates"":[]}"
2017_04_23,2017-04-23,0.8951,290.65186977386475,"{""type"":""MultiPoint"",""coordinates"":[]}"
2017_05_09,2017-05-09,0.8777,222.31494426727295,"{""type"":""MultiPoint"",""coordinates"":[]}"
2017_05_25,2017-05-25,0.8649,169.9100203514099,"{""type"":""MultiPoint"",""coordinates"":[]}"
2017_06_10,2017-06-10,0.8728,160.49346256256104,"{""type"":""MultiPoint"",""coordinates"":[]}"
2017_06_26,2017-06-26,0.8606,166.88468742370605,"{""type"":""MultiPoint"",""coordinates"":[]}"
2017_07_12,2017-07-12,0.8591,113.62908458709717,"{""type"":""MultiPoint"",""coordinates"":[]}"
2017_07_28,2017-07-28,0.9282,65.54598045349121,"{""type"":""MultiPoint"",""coordinates"":[]}"
2017_08_13,2017-08-13,0.8663,44.398340940475464,"{""type"":""MultiPoint"",""coordinates"":[]}"
2017_08_29,2017-08-29,0.883,26.259505033493042,"{""type"":""MultiPoint"",""coordinates"":[]}"
2017_09_14,2017-09-14,0.6861,32.20214629173279,"{""type"":""MultiPoint"",""coordinates"":[]}"
2017_09_30,2017-09-30,0.8264,147.90146136283875,"{""type"":""MultiPoint"",""coordinates"":[]}"
2017_10_16,2017-10-16,0.3498,183.4743356704712,"{""type"":""MultiPoint"",""coordinates"":[]}"
2017_11_01,2017-11-01,0.7492,151.04539251327515,"{""type"":""MultiPoint"",""coordinates"":[]}"
2017_11_17,2017-11-17,0.6727,232.31359934806824,"{""type"":""MultiPoint"",""coordinates"":[]}"
2017_12_03,2017-12-03,0.9008,297.6545615196228,"{""type"":""MultiPoint"",""coordinates"":[]}"
2017_12_19,2017-12-19,0.7313,222.92544078826904,"{""type"":""MultiPoint"",""coordinates"":[]}"
2018_01_01,2018-01-01,0.8659,363.78147745132446,"{""type"":""MultiPoint"",""coordinates"":[]}"
2018_01_17,2018-01-17,0.8371,300.5679626464844,"{""type"":""MultiPoint"",""coordinates"":[]}"
2018_02_02,2018-02-02,0.8508,223.24158430099487,"{""type"":""MultiPoint"",""coordinates"":[]}"
2018_02_18,2018-02-18,0.8583,247.77381658554077,"{""type"":""MultiPoint"",""coordinates"":[]}"
2018_03_06,2018-03-06,0.7603,198.9795742034912,"{""type"":""MultiPoint"",""coordinates"":[]}"
2018_03_22,2018-03-22,0.9419,225.02325582504272,"{""type"":""MultiPoint"",""coordinates"":[]}"
2018_04_07,2018-04-07,0.8284,253.6649227142334,"{""type"":""MultiPoint"",""coordinates"":[]}"
2018_04_23,2018-04-23,0.4416,277.41125297546387,"{""type"":""MultiPoint"",""coordinates"":[]}"
2018_05_09,2018-05-09,0.8812,279.4276819229126,"{""type"":""MultiPoint"",""coordinates"":[]}"
2018_05_25,2018-05-25,0.8861,168.56771802902222,"{""type"":""MultiPoint"",""coordinates"":[]}"
2018_06_10,2018-06-10,0.8808,166.87694644927979,"{""type"":""MultiPoint"",""coordinates"":[]}"
2018_06_26,2018-06-26,0.8918,196.07591724395752,"{""type"":""MultiPoint"",""coordinates"":[]}"
2018_07_12,2018-07-12,0.9346,89.58624911308289,"{""type"":""MultiPoint"",""coordinates"":[]}"
2018_07_28,2018-07-28,0.8821,20.69604206085205,"{""type"":""MultiPoint"",""coordinates"":[]}"
2018_08_13,2018-08-13,0.8187,59.91959238052368,"{""type"":""MultiPoint"",""coordinates"":[]}"
2018_08_29,2018-08-29,0.8235,69.20212298259139,"{""type"":""MultiPoint"",""coordinates"":[]}"
2018_09_14,2018-09-14,0.8358,73.37438326701522,"{""type"":""MultiPoint"",""coordinates"":[]}"
2018_09_30,2018-09-30,0.8438,59.42746424674988,"{""type"":""MultiPoint"",""coordinates"":[]}"
2018_10_16,2018-10-16,0.785,40.53100621700287,"{""type"":""MultiPoint"",""coordinates"":[]}"
2018_11_01,2018-11-01,0.7765,62.05589234828949,"{""type"":""MultiPoint"",""coordinates"":[]}"
2018_11_17,2018-11-17,0.9295,90.1817626953125,"{""type"":""MultiPoint"",""coordinates"":[]}"
2018_12_03,2018-12-03,0.8462,149.68577909469604,"{""type"":""MultiPoint"",""coordinates"":[]}"
2018_12_19,2018-12-19,0.7852,289.5848948955536,"{""type"":""MultiPoint"",""coordinates"":[]}"
2019_01_01,2019-01-01,0.6077,330.1587247848511,"{""type"":""MultiPoint"",""coordinates"":[]}"
2019_01_17,2019-01-17,0.763,359.659610748291,"{""type"":""MultiPoint"",""coordinates"":[]}"
2019_02_02,2019-02-02,0.643,368.50661182403564,"{""type"":""MultiPoint"",""coordinates"":[]}"
2019_02_18,2019-02-18,0.8173,305.0207552909851,"{""type"":""MultiPoint"",""coordinates"":[]}"
2019_03_06,2019-03-06,0.8084,272.12453174591064,"{""type"":""MultiPoint"",""coordinates"":[]}"
2019_03_22,2019-03-22,0.859,208.93857336044312,"{""type"":""MultiPoint"",""coordinates"":[]}"
2019_04_07,2019-04-07,0.8792,335.7371406555176,"{""type"":""MultiPoint"",""coordinates"":[]}"
2019_04_23,2019-04-23,0.8142,369.7197594642639,"{""type"":""MultiPoint"",""coordinates"":[]}"
2019_05_09,2019-05-09,0.904,227.17740321159363,"{""type"":""MultiPoint"",""coordinates"":[]}"
2019_05_25,2019-05-25,0.7546,305.8998007774353,"{""type"":""MultiPoint"",""coordinates"":[]}"
2019_06_10,2019-06-10,0.9035,251.54610300064087,"{""type"":""MultiPoint"",""coordinates"":[]}"
2019_06_26,2019-06-26,0.8521,119.70079624652863,"{""type"":""MultiPoint"",""coordinates"":[]}"
2019_07_12,2019-07-12,0.8781,137.97564733028412,"{""type"":""MultiPoint"",""coordinates"":[]}"
2019_07_28,2019-07-28,0.9454,108.30865049362183,"{""type"":""MultiPoint"",""coordinates"":[]}"
2019_08_13,2019-08-13,0.8043,30.50342321395874,"{""type"":""MultiPoint"",""coordinates"":[]}"
2019_08_29,2019-08-29,0.8068,44.1185200214386,"{""type"":""MultiPoint"",""coordinates"":[]}"
2019_09_14,2019-09-14,0.8141,65.23535466194153,"{""type"":""MultiPoint"",""coordinates"":[]}"
2019_09_30,2019-09-30,0.7513,145.7053418159485,"{""type"":""MultiPoint"",""coordinates"":[]}"
2019_10_16,2019-10-16,0.8452,274.82222032546997,"{""type"":""MultiPoint"",""coordinates"":[]}"
2019_11_01,2019-11-01,0.7505,283.6795725822449,"{""type"":""MultiPoint"",""coordinates"":[]}"
2019_11_17,2019-11-17,0.7495,207.35654258728027,"{""type"":""MultiPoint"",""coordinates"":[]}"
2019_12_03,2019-12-03,0.4304,141.20059823989868,"{""type"":""MultiPoint"",""coordinates"":[]}"
2019_12_19,2019-12-19,0.8231,128.84947848320007,"{""type"":""MultiPoint"",""coordinates"":[]}"
2020_01_01,2020-01-01,0.8492,216.48803210258484,"{""type"":""MultiPoint"",""coordinates"":[]}"
2020_01_17,2020-01-17,0.7085,166.12671852111816,"{""type"":""MultiPoint"",""coordinates"":[]}"
2020_02_02,2020-02-02,0.8451,175.05651330947876,"{""type"":""MultiPoint"",""coordinates"":[]}"
2020_02_18,2020-02-18,0.7828,171.13427829742432,"{""type"":""MultiPoint"",""coordinates"":[]}"
2020_03_05,2020-03-05,0.7588,161.42059350013733,"{""type"":""MultiPoint"",""coordinates"":[]}"
2020_03_21,2020-03-21,0.8679,275.5830047130585,"{""type"":""MultiPoint"",""coordinates"":[]}"
2020_04_06,2020-04-06,0.4846,296.8877601623535,"{""type"":""MultiPoint"",""coordinates"":[]}"
2020_04_22,2020-04-22,0.8905,268.85454082489014,"{""type"":""MultiPoint"",""coordinates"":[]}"
2020_05_08,2020-05-08,0.847,297.69035816192627,"{""type"":""MultiPoint"",""coordinates"":[]}"
2020_05_24,2020-05-24,0.841,342.83352160453796,"{""type"":""MultiPoint"",""coordinates"":[]}"
2020_06_09,2020-06-09,0.9018,199.36963921785355,"{""type"":""MultiPoint"",""coordinates"":[]}"
2020_06_25,2020-06-25,0.8653,86.35965448617935,"{""type"":""MultiPoint"",""coordinates"":[]}"
2020_07_11,2020-07-11,0.8959,91.16054487228394,"{""type"":""MultiPoint"",""coordinates"":[]}"
2020_07_27,2020-07-27,0.7757,77.16883841762737,"{""type"":""MultiPoint"",""coordinates"":[]}"
2020_08_12,2020-08-12,0.8764,26.75487986812786,"{""type"":""MultiPoint"",""coordinates"":[]}"
2020_08_28,2020-08-28,0.9461,18.25227928161621,"{""type"":""MultiPoint"",""coordinates"":[]}"
2020_09_13,2020-09-13,0.8335,21.4384086728096,"{""type"":""MultiPoint"",""coordinates"":[]}"
2020_09_29,2020-09-29,0.8508,70.75953628396144,"{""type"":""MultiPoint"",""coordinates"":[]}"
2020_10_15,2020-10-15,0.8831,86.59468670462718,"{""type"":""MultiPoint"",""coordinates"":[]}"
2020_10_31,2020-10-31,0.8699,105.7401751279831,"{""type"":""MultiPoint"",""coordinates"":[]}"
2020_11_16,2020-11-16,0.6445,163.06892263889313,"{""type"":""MultiPoint"",""coordinates"":[]}"
2020_12_02,2020-12-02,0.8778,208.01551413536072,"{""type"":""MultiPoint"",""coordinates"":[]}"
2020_12_18,2020-12-18,0.8226,204.72347354888916,"{""type"":""MultiPoint"",""coordinates"":[]}"
2021_01_01,2021-01-01,0.7594,298.0048403739929,"{""type"":""MultiPoint"",""coordinates"":[]}"
2021_01_17,2021-01-17,0.8617,421.51678466796875,"{""type"":""MultiPoint"",""coordinates"":[]}"
2021_02_02,2021-02-02,0.7684,443.9909152984619,"{""type"":""MultiPoint"",""coordinates"":[]}"
2021_02_18,2021-02-18,0.8142,427.01709508895874,"{""type"":""MultiPoint"",""coordinates"":[]}"
2021_03_06,2021-03-06,0.6208,396.6963996887207,"{""type"":""MultiPoint"",""coordinates"":[]}"
2021_03_22,2021-03-22,0.8594,344.86940240859985,"{""type"":""MultiPoint"",""coordinates"":[]}"
2021_04_07,2021-04-07,0.7544,338.2339015007019,"{""type"":""MultiPoint"",""coordinates"":[]}"
2021_04_23,2021-04-23,0.7863,301.132372379303,"{""type"":""MultiPoint"",""coordinates"":[]}"
2021_05_09,2021-05-09,0.5323,233.00385999679565,"{""type"":""MultiPoint"",""coordinates"":[]}"
2021_05_25,2021-05-25,0.8914,187.97959160804749,"{""type"":""MultiPoint"",""coordinates"":[]}"
2021_06_10,2021-06-10,0.8684,124.11180472373962,"{""type"":""MultiPoint"",""coordinates"":[]}"
2021_06_26,2021-06-26,0.8998,186.61882972717285,"{""type"":""MultiPoint"",""coordinates"":[]}"
2021_07_12,2021-07-12,0.8991,179.3742413520813,"{""type"":""MultiPoint"",""coordinates"":[]}"
2021_07_28,2021-07-28,0.8876,143.2775273323059,"{""type"":""MultiPoint"",""coordinates"":[]}"
2021_08_13,2021-08-13,0.9198,128.35310888290405,"{""type"":""MultiPoint"",""coordinates"":[]}"
2021_08_29,2021-08-29,0.8448,114.27046608924866,"{""type"":""MultiPoint"",""coordinates"":[]}"
2021_09_14,2021-09-14,0.867,67.90264081954956,"{""type"":""MultiPoint"",""coordinates"":[]}"
2021_09_30,2021-09-30,0.7638,95.09315037727356,"{""type"":""MultiPoint"",""coordinates"":[]}"
2021_10_16,2021-10-16,0.8927,86.17626285552979,"{""type"":""MultiPoint"",""coordinates"":[]}"
2021_11_01,2021-11-01,0.8123,183.57919931411743,"{""type"":""MultiPoint"",""coordinates"":[]}"
2021_11_17,2021-11-17,0.7774,241.0894160270691,"{""type"":""MultiPoint"",""coordinates"":[]}"
2021_12_03,2021-12-03,0.5142,185.63173270225525,"{""type"":""MultiPoint"",""coordinates"":[]}"
2021_12_19,2021-12-19,0.862,202.64528369903564,"{""type"":""MultiPoint"",""coordinates"":[]}"
2022_01_01,2022-01-01,0.8471,233.94626235961914,"{""type"":""MultiPoint"",""coordinates"":[]}"
2022_01_17,2022-01-17,0.8786,204.49634623527527,"{""type"":""MultiPoint"",""coordinates"":[]}"
2022_02_02,2022-02-02,0.8049,248.5831093788147,"{""type"":""MultiPoint"",""coordinates"":[]}"
2022_02_18,2022-02-18,0.7443,320.47142791748047,"{""type"":""MultiPoint"",""coordinates"":[]}"
2022_03_06,2022-03-06,0.8386,285.14196825027466,"{""type"":""MultiPoint"",""coordinates"":[]}"
2022_03_22,2022-03-22,0.7791,239.99712657928467,"{""type"":""MultiPoint"",""coordinates"":[]}"
2022_04_07,2022-04-07,0.9761,345.97990131378174,"{""type"":""MultiPoint"",""coordinates"":[]}"
2022_04_23,2022-04-23,0.1642,397.93872022628784,"{""type"":""MultiPoint"",""coordinates"":[]}"
2022_05_09,2022-05-09,0.8551,251.58221054077148,"{""type"":""MultiPoint"",""coordinates"":[]}"
2022_05_25,2022-05-25,0.904,172.5155646800995,"{""type"":""MultiPoint"",""coordinates"":[]}"
2022_06_10,2022-06-10,0.8685,113.2613537311554,"{""type"":""MultiPoint"",""coordinates"":[]}"
2022_06_26,2022-06-26,0.8783,119.288041472435,"{""type"":""MultiPoint"",""coordinates"":[]}"
2022_07_12,2022-07-12,0.9337,52.40035426616669,"{""type"":""MultiPoint"",""coordinates"":[]}"
2022_07_28,2022-07-28,0.8335,54.60414123535156,"{""type"":""MultiPoint"",""coordinates"":[]}"
2022_08_13,2022-08-13,0.925,46.106305837631226,"{""type"":""MultiPoint"",""coordinates"":[]}"
2022_08_29,2022-08-29,0.8016,24.21750396490097,"{""type"":""MultiPoint"",""coordinates"":[]}"
2022_09_14,2022-09-14,0.8162,35.92174988985062,"{""type"":""MultiPoint"",""coordinates"":[]}"
2022_09_30,2022-09-30,0.8515,24.671071043086755,"{""type"":""MultiPoint"",""coordinates"":[]}"
2022_10_16,2022-10-16,0.6683,48.722097178769815,"{""type"":""MultiPoint"",""coordinates"":[]}"
2022_11_01,2022-11-01,0.7694,121.48065876960754,"{""type"":""MultiPoint"",""coordinates"":[]}"
2022_11_17,2022-11-17,0.7276,119.68407487869263,"{""type"":""MultiPoint"",""coordinates"":[]}"
2022_12_03,2022-12-03,0.9076,101.98988962173462,"{""type"":""MultiPoint"",""coordinates"":[]}"
2022_12_19,2022-12-19,0.8001,159.79065990447998,"{""type"":""MultiPoint"",""coordinates"":[]}"
2023_01_01,2023-01-01,0.8328,187.94687128067017,"{""type"":""MultiPoint"",""coordinates"":[]}"
2023_01_17,2023-01-17,0.3601,169.9914846420288,"{""type"":""MultiPoint"",""coordinates"":[]}"
2023_02_02,2023-02-02,0.7666,308.48085355758667,"{""type"":""MultiPoint"",""coordinates"":[]}"
2023_02_18,2023-02-18,0.8453,386.5295286178589,"{""type"":""MultiPoint"",""coordinates"":[]}"
2023_03_06,2023-03-06,0.7871,267.3291792869568,"{""type"":""MultiPoint"",""coordinates"":[]}"
2023_03_22,2023-03-22,0.856,294.01525592803955,"{""type"":""MultiPoint"",""coordinates"":[]}"
2023_04_07,2023-04-07,0.8283,366.8535280227661,"{""type"":""MultiPoint"",""coordinates"":[]}"
2023_04_23,2023-04-23,0.7951,267.9987030029297,"{""type"":""MultiPoint"",""coordinates"":[]}"
2023_05_09,2023-05-09,0.8154,177.76480960845947,"{""type"":""MultiPoint"",""coordinates"":[]}"
2023_05_25,2023-05-25,0.8149,140.70248198509216,"{""type"":""MultiPoint"",""coordinates"":[]}"
2023_06_10,2023-06-10,0.8387,115.77221417427063,"{""type"":""MultiPoint"",""coordinates"":[]}"
2023_06_26,2023-06-26,0.9389,68.6246907711029,"{""type"":""MultiPoint"",""coordinates"":[]}"
2023_07_12,2023-07-12,0.8599,52.26482057571411,"{""type"":""MultiPoint"",""coordinates"":[]}"
2023_07_28,2023-07-28,0.9333,52.60878324508667,"{""type"":""MultiPoint"",""coordinates"":[]}"
2023_08_13,2023-08-13,0.8591,64.66488528251648,"{""type"":""MultiPoint"",""coordinates"":[]}"
2023_08_29,2023-08-29,0.8647,51.0608971118927,"{""type"":""MultiPoint"",""coordinates"":[]}"
2023_09_14,2023-09-14,0.7048,14.677722215652466,"{""type"":""MultiPoint"",""coordinates"":[]}"
2023_09_30,2023-09-30,0.7772,31.577871203422546,"{""type"":""MultiPoint"",""coordinates"":[]}"
2023_10_16,2023-10-16,0.7777,40.72887921333313,"{""type"":""MultiPoint"",""coordinates"":[]}"
2023_11_01,2023-11-01,0.7729,71.21641969680786,"{""type"":""MultiPoint"",""coordinates"":[]}"
2023_11_17,2023-11-17,0.7475,94.44404077529907,"{""type"":""MultiPoint"",""coordinates"":[]}"
2023_12_03,2023-12-03,0.8805,97.3494520187378,"{""type"":""MultiPoint"",""coordinates"":[]}"
2023_12_19,2023-12-19,0.145,123.97267866134644,"{""type"":""MultiPoint"",""coordinates"":[]}"
2024_01_01,2024-01-01,0.7538,181.37976932525635,"{""type"":""MultiPoint"",""coordinates"":[]}"
2024_01_17,2024-01-17,0.7703,156.73949193954468,"{""type"":""MultiPoint"",""coordinates"":[]}"
2024_02_02,2024-02-02,0.7554,124.13473856449127,"{""type"":""MultiPoint"",""coordinates"":[]}"
2024_02_18,2024-02-18,0.7462,190.15933656692505,"{""type"":""MultiPoint"",""coordinates"":[]}"
2024_03_05,2024-03-05,0.7448,230.59420728683472,"{""type"":""MultiPoint"",""coordinates"":[]}"
2024_03_21,2024-03-21,0.81,205.55331373214722,"{""type"":""MultiPoint"",""coordinates"":[]}"
2024_04_06,2024-04-06,0.6881,249.17051219940186,"{""type"":""MultiPoint"",""coordinates"":[]}"
2024_04_22,2024-04-22,0.8115,296.47519302368164,"{""type"":""MultiPoint"",""coordinates"":[]}"
2024_05_08,2024-05-08,0.9613,318.41989946365356,"{""type"":""MultiPoint"",""coordinates"":[]}"
2024_05_24,2024-05-24,0.5416,239.2639820575714,"{""type"":""MultiPoint"",""coordinates"":[]}"
2024_06_09,2024-06-09,0.8124,237.55751633644104,"{""type"":""MultiPoint"",""coordinates"":[]}"
2024_06_25,2024-06-25,0.8099,150.3051936328411,"{""type"":""MultiPoint"",""coordinates"":[]}"
2024_07_11,2024-07-11,0.8319,60.194004505872726,"{""type"":""MultiPoint"",""coordinates"":[]}"
2024_07_27,2024-07-27,0.8583,48.455090045928955,"{""type"":""MultiPoint"",""coordinates"":[]}"
2024_08_12,2024-08-12,0.7704,10.587365865707397,"{""type"":""MultiPoint"",""coordinates"":[]}"
2024_08_28,2024-08-28,0.6402,11.366728020831943,"{""type"":""MultiPoint"",""coordinates"":[]}"
2024_09_13,2024-09-13,0.7882,6.394573270271621,"{""type"":""MultiPoint"",""coordinates"":[]}"
2024_09_29,2024-09-29,0.757,24.732930199171506,"{""type"":""MultiPoint"",""coordinates"":[]}"
2024_10_15,2024-10-15,0.829,80.45004800299648,"{""type"":""MultiPoint"",""coordinates"":[]}"
2024_10_31,2024-10-31,0.794,79.58987960556988,"{""type"":""MultiPoint"",""coordinates"":[]}"
2024_11_16,2024-11-16,0.629,84.30356907844543,"{""type"":""MultiPoint"",""coordinates"":[]}"
2024_12_02,2024-12-02,0.7575,87.66760277748108,"{""type"":""MultiPoint"",""coordinates"":[]}"
2024_12_18,2024-12-18,0.7625,182.71730303764343,"{""type"":""MultiPoint"",""coordinates"":[]}"
2025_01_01,2025-01-01,0.2281,246.31296730041504,"{""type"":""MultiPoint"",""coordinates"":[]}"
2025_01_17,2025-01-17,0.7928,269.6740527153015,"{""type"":""MultiPoint"",""coordinates"":[]}"
2025_02_02,2025-02-02,0.7848,265.09683752059937,"{""type"":""MultiPoint"",""coordinates"":[]}"
2025_02_18,2025-02-18,0.8101,256.8965792655945,"{""type"":""MultiPoint"",""coordinates"":[]}"
2025_03_06,2025-03-06,0.7039,307.0293319225311,"{""type"":""MultiPoint"",""coordinates"":[]}"
2025_03_22,2025-03-22,0.5179,321.893990278244,"{""type"":""MultiPoint"",""coordinates"":[]}"
2025_04_07,2025-04-07,0.7858,410.91968154907227,"{""type"":""MultiPoint"",""coordinates"":[]}"
2025_04_23,2025-04-23,0.7529,319.0803806781769,"{""type"":""MultiPoint"",""coordinates"":[]}"
2025_05_09,2025-05-09,0.8547,197.15642285346985,"{""type"":""MultiPoint"",""coordinates"":[]}"
2025_05_25,2025-05-25,0.8493,141.8801519870758,"{""type"":""MultiPoint"",""coordinates"":[]}"
2025_06_10,2025-06-10,0.8392,172.41599655151367,"{""type"":""MultiPoint"",""coordinates"":[]}"
2025_06_26,2025-06-26,0.7013,185.22189497947693,"{""type"":""MultiPoint"",""coordinates"":[]}"
2025_07_12,2025-07-12,0.7777,115.23978817462921,"{""type"":""MultiPoint"",""coordinates"":[]}"
2025_07_28,2025-07-28,0.8103,71.53923499584198,"{""type"":""MultiPoint"",""coordinates"":[]}"
2025_08_13,2025-08-13,0.8145,75.63676595687866,"{""type"":""MultiPoint"",""coordinates"":[]}"
2025_08_29,2025-08-29,0.8243,97.43000555038452,"{""type"":""MultiPoint"",""coordinates"":[]}"
2025_09_14,2025-09-14,0.8192,72.4472348690033,"{""type"":""MultiPoint"",""coordinates"":[]}"
2025_09_30,2025-09-30,0.7423,93.01668572425842,"{""type"":""MultiPoint"",""coordinates"":[]}"
2025_10_16,2025-10-16,0.8704,200.28736877441406,"{""type"":""MultiPoint"",""coordinates"":[]}"
2025_11_01,2025-11-01,0.6959,188.64201402664185,"{""type"":""MultiPoint"",""coordinates"":[]}"
2025_11_17,2025-11-17,0.8299,117.51844263076782,"{""type"":""MultiPoint"",""coordinates"":[]}"
2025_12_03,2025-12-03,0.778,152.32725632190704,"{""type"":""MultiPoint"",""coordinates"":[]}"
2025_12_19,2025-12-19,0.816,195.32193529605865,"{""type"":""MultiPoint"",""coordinates"":[]}"
2026_01_01,2026-01-01,0.816,257.0572280883789,"{""type"":""MultiPoint"",""coordinates"":[]}"
2026_01_17,2026-01-17,0.0858,286.60431575775146,"{""type"":""MultiPoint"",""coordinates"":[]}"
2026_02_02,2026-02-02,0.8228,270.6552367210388,"{""type"":""MultiPoint"",""coordinates"":[]}"
